Sex,percentage_census,gemini,gemma,olmo,gpt
Female,0.5049601227530972,0.99,0.885,0,0.43
Male,0.4950398772469028,0.01,0.115,1,0.57
