Citizenship,percentage_census,gemini,gemma,olmo,gpt
Naturaliz.,0.07260719821206295,0,0,0,0
Not citiz.,0.06611310700756111,0,0,0,0
Native,0.8612796947803759,1,1,1,1
