Sex,surveys,asian,african am.,disabled,generic,man,white,woman
Female,0.5049601227530972,1,0.995,1,0.885,0,0.14,1
Male,0.4950398772469028,0,0.005,0,0.115,1,0.86,0
