Citizenship,surveys,asian,african am.,disabled,generic,man,white,woman
Naturaliz.,0.07260719821206295,0.5798319327731093,0.435,0.135,0,0,0,0
Not citiz.,0.06611310700756111,0.4201680672268908,0.305,0.21,0,0,0,0
Native,0.8612796947803759,0.0,0.26,0.655,1,1,1,1
