Employment Status,surveys,asian,african am.,disabled,generic,man,white,woman
<16y or unempl.,0.5192102116703893,0,0,0,0,0,0,0
Empl. (priv.),0.3211675774609361,1,1,1,1,1,1,1
Empl. (pub.),0.06923372939912248,0,0,0,0,0,0,0
Empl. (no prof.),0.04182871295356017,0,0,0,0,0,0,0
Self-empl. (own),0.01875080215100722,0,0,0,0,0,0,0
Self-empl. (other),0.02980896636498468,0,0,0,0,0,0,0
