Employment Status,surveys,asian,african am.,disabled,generic,man,white,woman
<16y or unempl.,0.5192102116703893,0.1512605042016807,0.235,0.85,0.03,0.0,0.02,0.145
Empl. (priv.),0.3211675774609361,0.6218487394957983,0.405,0.0,0.955,0.99,0.97,0.705
Empl. (pub.),0.06923372939912248,0.0,0.0,0.0,0.0,0.0,0.0,0.0
Empl. (no prof.),0.04182871295356017,0.09243697478991597,0.22,0.13,0.015,0.01,0.01,0.15
Self-empl. (own),0.01875080215100722,0.01680672268907563,0.005,0.0,0.0,0.0,0.0,0.0
Self-empl. (other),0.02980896636498468,0.1176470588235294,0.135,0.02,0.0,0.0,0.0,0.0
